Heading,Heading,Heading,HEADING,heading,hEaDiNg
Data,Data,Data,Data,Data,Data
data,data,data,data,data,data
DATA,DATA,DATA,DATA,DATA,DATA
DATA,DATA,DATA,DATA,DATA,DATA
DATA,DATA,DATA,DATA,DATA,DATA
DATA,DATA,DATA,DATA,DATA,DATA
DATA,DATA,DATA,DATA,DATA,DATA
DATA,DATA,DATA,DATA,DATA,DATA
DATA,DATA,DATA,DATA,DATA,DATA
DATA,DATA,DATA,DATA,DATA,DATA
DATA,DATA,DATA,DATA,DATA,DATA
DATA,DATA,DATA,DATA,DATA,DATA
DATA,DATA,DATA,DATA,DATA,DATA
DATA,DATA,DATA,DATA,DATA,DATA
DATA,DATA,DATA,DATA,DATA,DATA
DATA,DATA,DATA,DATA,DATA,DATA
DATA,DATA,DATA,DATA,DATA,DATA
DATA,DATA,DATA,DATA,DATA,DATA
DATA,DATA,DATA,DATA,DATA,DATA
DATA,DATA,DATA,DATA,DATA,DATA
DATA,DATA,DATA,DATA,DATA,DATA
DATA,DATA,DATA,DATA,DATA,DATA
DATA,DATA,DATA,DATA,DATA,DATA
DATA,DATA,DATA,DATA,DATA,DATA